Type,Name,Request Count,Failure Count,Median Response Time,Average Response Time,Min Response Time,Max Response Time,Average Content Size,Requests/s,Failures/s,50%,66%,75%,80%,90%,95%,98%,99%,99.9%,99.99%,100%
POST,/chat,44,0,74,86.96412045471583,64.50540001969784,196.84320001397282,0.0,0.3827808667061751,0.0,75,79,82,84,110,190,200,200,200,200,200
TTFT,/chat [time_to_first_token],44,0,2000,2531.691200011251,1455.7972000329755,6279.540200019255,653.0454545454545,0.3827808667061751,0.0,2000,2400,2500,2700,4200,5600,6300,6300,6300,6300,6300
GET,/health,5,0,73,109.90815998520702,66.31329999072477,265.34630003152415,15.0,0.04349782576206535,0.0,73,76,76,270,270,270,270,270,270,270,270
,Aggregated,93,0,200,1244.8427408648233,64.50540001969784,6279.540200019255,309.7741935483871,0.8090595591744156,0.0,200,1900,2000,2100,2500,4200,6200,6300,6300,6300,6300
