Type,Name,Request Count,Failure Count,Median Response Time,Average Response Time,Min Response Time,Max Response Time,Average Content Size,Requests/s,Failures/s,50%,66%,75%,80%,90%,95%,98%,99%,99.9%,99.99%,100%
POST,/chat,83,0,350,438.22085421324806,180.1271999720484,1741.0316999885254,0.0,0.6999376577442025,0.0,350,420,500,520,610,1100,1700,1700,1700,1700,1700
TTFT,/chat [time_to_first_token],83,0,11000,10219.037443375586,2083.20970000932,19168.83360000793,532.0722891566265,0.6999376577442025,0.0,11000,12000,12000,13000,13000,13000,18000,19000,19000,19000,19000
GET,/health,21,0,550,669.8295285681352,250.8771000429988,1965.795199968852,15.0,0.17709266039311147,0.0,550,710,820,920,940,1100,2000,2000,2000,2000,2000
,Aggregated,187,0,920,4805.448442779701,180.1271999720484,19168.83360000793,237.84491978609626,1.5769679758815163,0.0,920,9100,11000,11000,12000,13000,13000,18000,19000,19000,19000
